[
  {
    "event_id": 4001,
    "year": 184,
    "month": 2,
    "event_name": "黄巾起义爆发",
    "summary": "张角以\"苍天已死，黄天当立，岁在甲子，天下大吉\"为口号，发动黄巾起义，震动天下。",
    "trigger_condition": "year == 184 AND month == 2",
    "hard_effects": {
      "npc_status": {
        "kill_list": [],
        "move_list": [
          {
            "npc_id": 2001,
            "to_region_id": 1002
          },
          {
            "npc_id": 2002,
            "to_region_id": 1003
          },
          {
            "npc_id": 2003,
            "to_region_id": 1004
          }
        ]
      },
      "region_changes": [
        {
          "region_id": 1009,
          "owner_faction_id": 2,
          "loyalty": 40
        },
        {
          "region_id": 1004,
          "owner_faction_id": 2,
          "loyalty": 45
        },
        {
          "region_id": 1008,
          "owner_faction_id": 2,
          "loyalty": 50
        }
      ]
    },
    "narrative_hooks": [
      "太平道信徒头裹黄巾，高呼\"苍天已死，黄天当立\"，各地烽烟四起。",
      "朝廷震动，急令各州郡镇压，天下自此陷入战乱。",
      "百姓流离失所，豪强纷纷招募私兵，乱世序幕拉开。"
    ]
  },
  {
    "event_id": 4002,
    "year": 184,
    "month": 8,
    "event_name": "张角病卒",
    "summary": "黄巾军领袖张角在广宗病逝，黄巾军失去核心领导，士气受挫。",
    "trigger_condition": "year == 184 AND month == 8",
    "hard_effects": {
      "npc_status": {
        "kill_list": [
          2001
        ],
        "move_list": []
      },
      "region_changes": [
        {
          "region_id": 1002,
          "loyalty": 30
        },
        {
          "region_id": 1003,
          "loyalty": 25
        },
        {
          "region_id": 1004,
          "loyalty": 20
        }
      ]
    },
    "narrative_hooks": [
      "天公将军张角病逝的消息传开，黄巾军内部陷入混乱。",
      "张宝、张梁接掌残部，但威望不足，难以统合各方势力。",
      "朝廷军队趁势加强攻势，黄巾起义进入转折点。"
    ]
  },
  {
    "event_id": 4003,
    "year": 184,
    "month": 10,
    "event_name": "皇甫嵩平定黄巾主力",
    "summary": "皇甫嵩在广宗大破黄巾军，张梁战死，黄巾主力基本被剿灭。",
    "trigger_condition": "year == 184 AND month == 10",
    "hard_effects": {
      "npc_status": {
        "kill_list": [
          2003
        ],
        "move_list": [
          {
            "npc_id": 2004,
            "to_region_id": 1001
          },
          {
            "npc_id": 2005,
            "to_region_id": 1001
          }
        ]
      },
      "region_changes": [
        {
          "region_id": 1004,
          "owner_faction_id": 1,
          "loyalty": 60
        },
        {
          "region_id": 1009,
          "owner_faction_id": 1,
          "loyalty": 55
        },
        {
          "region_id": 1008,
          "owner_faction_id": 1,
          "loyalty": 50
        }
      ]
    },
    "narrative_hooks": [
      "皇甫嵩火烧黄巾大营，斩首数万，黄巾军主力溃散。",
      "张梁在乱军中战死，黄巾军失去最后的核心领导。",
      "各地残余黄巾转入山林，朝廷宣告初步平定叛乱。"
    ]
  },
  {
    "event_id": 4004,
    "year": 189,
    "month": 4,
    "event_name": "灵帝崩殂",
    "summary": "汉灵帝刘宏驾崩，少帝刘辩即位，外戚与宦官的权力斗争加剧。",
    "trigger_condition": "year == 189 AND month == 4",
    "hard_effects": {
      "npc_status": {
        "kill_list": [],
        "move_list": [
          {
            "npc_id": 2013,
            "to_region_id": 1001
          },
          {
            "npc_id": 2026,
            "to_region_id": 1001
          }
        ]
      },
      "region_changes": [
        {
          "region_id": 1001,
          "loyalty": 40
        },
        {
          "region_id": 1002,
          "loyalty": 35
        }
      ]
    },
    "narrative_hooks": [
      "灵帝驾崩，洛阳城内一片缟素，权力真空引发各方角逐。",
      "少帝年幼，何太后临朝听政，外戚与宦官的矛盾一触即发。",
      "各地诸侯观望局势，中央权威进一步衰落。"
    ]
  },
  {
    "event_id": 4005,
    "year": 189,
    "month": 8,
    "event_name": "十常侍之乱",
    "summary": "何进谋划诛杀宦官，反被张让等十常侍设计杀害，洛阳陷入混乱。",
    "trigger_condition": "year == 189 AND month == 8",
    "hard_effects": {
      "npc_status": {
        "kill_list": [
          2013,
          2034
        ],
        "move_list": [
          {
            "npc_id": 2030,
            "to_region_id": 1001
          },
          {
            "npc_id": 2031,
            "to_region_id": 1001
          }
        ]
      },
      "region_changes": [
        {
          "region_id": 1001,
          "owner_faction_id": 3,
          "loyalty": 20
        },
        {
          "region_id": 1001,
          "money": -500000,
          "food": -300000
        }
      ]
    },
    "narrative_hooks": [
      "何进被诱入宫中，遭十常侍埋伏杀害，首级被掷出宫墙。",
      "袁绍、曹操带兵攻入皇宫，诛杀宦官两千余人。",
      "董卓乘乱率西凉军进入洛阳，开始把持朝政，废立皇帝。"
    ]
  }
]