[
  {
    "event_id": 4001,
    "year": 184,
    "month": 2,
    "event_name": "黄巾起义爆发",
    "summary": "张角以\"苍天已死，黄天当立，岁在甲子，天下大吉\"为口号，发动黄巾起义，震动天下。",
    "trigger_condition": "year == 184 AND month == 2",
    "hard_effects": {
      "npc_status": {
        "kill_list": [],
        "move_list": [
          {
            "npc_id": 2001,
            "to_region_id": 1002
          },
          {
            "npc_id": 2002,
            "to_region_id": 1003
          },
          {
            "npc_id": 2003,
            "to_region_id": 1004
          }
        ]
      },
      "region_changes": [
        {
          "region_id": 1009,
          "owner_faction_id": 2,
          "loyalty": 40
        },
        {
          "region_id": 1004,
          "owner_faction_id": 2,
          "loyalty": 45
        },
        {
          "region_id": 1008,
          "owner_faction_id": 2,
          "loyalty": 50
        }
      ]
    },
    "narrative_hooks": [
      "太平道信徒头裹黄巾，高呼\"苍天已死，黄天当立\"，各地烽烟四起。",
      "朝廷震动，急令各州郡镇压，天下自此陷入战乱。",
      "百姓流离失所，豪强纷纷招募私兵，乱世序幕拉开。"
    ]
  },
  {
    "event_id": 4002,
    "year": 184,
    "month": 8,
    "event_name": "张角病卒",
    "summary": "黄巾军领袖张角在广宗病逝，黄巾军失去核心领导，士气受挫。",
    "trigger_condition": "year == 184 AND month == 8",
    "hard_effects": {
      "npc_status": {
        "kill_list": [
          2001
        ],
        "move_list": []
      },
      "region_changes": [
        {
          "region_id": 1002,
          "loyalty": 30
        },
        {
          "region_id": 1003,
          "loyalty": 25
        },
        {
          "region_id": 1004,
          "loyalty": 20
        }
      ]
    },
    "narrative_hooks": [
      "天公将军张角病逝的消息传开，黄巾军内部陷入混乱。",
      "张宝、张梁接掌残部，但威望不足，难以统合各方势力。",
      "朝廷军队趁势加强攻势，黄巾起义进入转折点。"
    ]
  },
  {
    "event_id": 4003,
    "year": 184,
    "month": 10,
    "event_name": "皇甫嵩平定黄巾主力",
    "summary": "皇甫嵩在广宗大破黄巾军，张梁战死，黄巾主力基本被剿灭。",
    "trigger_condition": "year == 184 AND month == 10",
    "hard_effects": {
      "npc_status": {
        "kill_list": [
          2003
        ],
        "move_list": [
          {
            "npc_id": 2004,
            "to_region_id": 1001
          },
          {
            "npc_id": 2005,
            "to_region_id": 1001
          }
        ]
      },
      "region_changes": [
        {
          "region_id": 1004,
          "owner_faction_id": 1,
          "loyalty": 60
        },
        {
          "region_id": 1009,
          "owner_faction_id": 1,
          "loyalty": 55
        },
        {
          "region_id": 1008,
          "owner_faction_id": 1,
          "loyalty": 50
        }
      ]
    },
    "narrative_hooks": [
      "皇甫嵩火烧黄巾大营，斩首数万，黄巾军主力溃散。",
      "张梁在乱军中战死，黄巾军失去最后的核心领导。",
      "各地残余黄巾转入山林，朝廷宣告初步平定叛乱。"
    ]
  },
  {
    "event_id": 4004,
    "year": 189,
    "month": 4,
    "event_name": "灵帝崩殂",
    "summary": "汉灵帝刘宏驾崩，少帝刘辩即位，外戚与宦官的权力斗争加剧。",
    "trigger_condition": "year == 189 AND month == 4",
    "hard_effects": {
      "npc_status": {
        "kill_list": [],
        "move_list": [
          {
            "npc_id": 2013,
            "to_region_id": 1001
          },
          {
            "npc_id": 2026,
            "to_region_id": 1001
          }
        ]
      },
      "region_changes": [
        {
          "region_id": 1001,
          "loyalty": 40
        },
        {
          "region_id": 1002,
          "loyalty": 35
        }
      ]
    },
    "narrative_hooks": [
      "灵帝驾崩，洛阳城内一片缟素，权力真空引发各方角逐。",
      "少帝年幼，何太后临朝听政，外戚与宦官的矛盾一触即发。",
      "各地诸侯观望局势，中央权威进一步衰落。"
    ]
  },
  {
    "event_id": 4005,
    "year": 189,
    "month": 8,
    "event_name": "十常侍之乱",
    "summary": "何进谋划诛杀宦官，反被张让等十常侍设计杀害，洛阳陷入混乱。",
    "trigger_condition": "year == 189 AND month == 8",
    "hard_effects": {
      "npc_status": {
        "kill_list": [
          2013,
          2034
        ],
        "move_list": [
          {
            "npc_id": 2030,
            "to_region_id": 1001
          },
          {
            "npc_id": 2031,
            "to_region_id": 1001
          }
        ]
      },
      "region_changes": [
        {
          "region_id": 1001,
          "owner_faction_id": 3,
          "loyalty": 20
        },
        {
          "region_id": 1001,
          "money": -500000,
          "food": -300000
        }
      ]
    },
    "narrative_hooks": [
      "何进被诱入宫中，遭十常侍埋伏杀害，首级被掷出宫墙。",
      "袁绍、曹操带兵攻入皇宫，诛杀宦官两千余人。",
      "董卓乘乱率西凉军进入洛阳，开始把持朝政，废立皇帝。"
    ]
  },
  {
    "event_id": 4006,
    "year": 190,
    "month": 1,
    "event_name": "关东诸侯起兵讨董",
    "summary": "曹操发布讨董檄文，关东诸侯响应，组成讨董联盟，推举袁绍为盟主。",
    "trigger_condition": "year == 190 AND month == 1",
    "hard_effects": {
      "npc_status": {
        "kill_list": [],
        "move_list": [
          {
            "npc_id": 2010,
            "to_region_id": 1004
          },
          {
            "npc_id": 2022,
            "to_region_id": 1002
          },
          {
            "npc_id": 2023,
            "to_region_id": 1007
          }
        ]
      },
      "region_changes": [
        {
          "region_id": 1002,
          "owner_faction_id": 4
        },
        {
          "region_id": 1007,
          "owner_faction_id": 7
        },
        {
          "region_id": 1004,
          "troop_count": 35000
        }
      ]
    },
    "narrative_hooks": [
      "曹操散家财，募义兵，发布檄文声讨董卓罪行。",
      "十八路诸侯会盟酸枣，歃血为盟，推举袁绍为盟主。",
      "天下英雄云集，讨董大旗竖起，中原战火重燃。"
    ]
  },
  {
    "event_id": 4007,
    "year": 190,
    "month": 2,
    "event_name": "董卓迁都长安",
    "summary": "董卓为避关东联军兵锋，强迫汉献帝及百官迁都长安，焚烧洛阳宫殿。",
    "trigger_condition": "year == 190 AND month == 2",
    "hard_effects": {
      "npc_status": {
        "kill_list": [],
        "move_list": [
          {
            "npc_id": 2026,
            "to_region_id": 1017
          },
          {
            "npc_id": 2027,
            "to_region_id": 1017
          },
          {
            "npc_id": 2028,
            "to_region_id": 1017
          }
        ]
      },
      "region_changes": [
        {
          "region_id": 1001,
          "commerce": -200,
          "culture": -300,
          "money": -800000,
          "food": -500000
        },
        {
          "region_id": 1017,
          "commerce": 950,
          "culture": 920,
          "money": 2000000,
          "food": 1000000
        }
      ]
    },
    "narrative_hooks": [
      "董卓驱赶洛阳百姓西行，沿途死者不计其数。",
      "洛阳宫殿被焚，火光冲天，千年古都毁于一旦。",
      "长安成为新的政治中心，但朝廷权威荡然无存。"
    ]
  },
  {
    "event_id": 4008,
    "year": 191,
    "month": 3,
    "event_name": "孙坚得玉玺",
    "summary": "孙坚在洛阳井中得传国玉玺，心生异志，与袁绍结怨。",
    "trigger_condition": "year == 191 AND month == 3",
    "hard_effects": {
      "npc_status": {
        "kill_list": [],
        "move_list": []
      },
      "region_changes": [
        {
          "region_id": 1011,
          "loyalty": 75
        }
      ]
    },
    "narrative_hooks": [
      "孙坚在井中发现玉玺，视为天命所归，暗中谋划大事。",
      "袁绍得知后索要玉玺，孙坚拒不交出，两人关系破裂。",
      "传国玉玺现世，成为各方争夺的象征，天下逐鹿加剧。"
    ]
  },
  {
    "event_id": 4009,
    "year": 191,
    "month": 4,
    "event_name": "虎牢关之战",
    "summary": "吕布在虎牢关前连斩数将，张飞、关羽、刘备三英战吕布，联军士气大振。",
    "trigger_condition": "year == 191 AND month == 4",
    "hard_effects": {
      "npc_status": {
        "kill_list": [],
        "move_list": [
          {
            "npc_id": 2027,
            "to_region_id": 1016
          }
        ]
      },
      "region_changes": [
        {
          "region_id": 1016,
          "troop_count": 25000
        },
        {
          "region_id": 1004,
          "troop_count": 40000
        }
      ]
    },
    "narrative_hooks": [
      "吕布赤兔马，方天戟，连斩联军数员大将，威震虎牢关。",
      "张飞挺丈八蛇矛，关羽舞青龙偃月，刘备双股剑，三英战吕布。",
      "此战虽未分胜负，但打破了吕布不可战胜的神话，联军士气高涨。"
    ]
  },
  {
    "event_id": 4010,
    "year": 192,
    "month": 4,
    "event_name": "王允连环计，董卓被杀",
    "summary": "王允设连环计，使吕布杀董卓，董卓势力崩溃。",
    "trigger_condition": "year == 192 AND month == 4",
    "hard_effects": {
      "npc_status": {
        "kill_list": [
          2026
        ],
        "move_list": [
          {
            "npc_id": 2027,
            "to_region_id": 1001
          },
          {
            "npc_id": 2028,
            "to_region_id": 1001
          }
        ]
      },
      "region_changes": [
        {
          "region_id": 1017,
          "owner_faction_id": 1,
          "loyalty": 50
        },
        {
          "region_id": 1001,
          "owner_faction_id": 1,
          "loyalty": 40
        }
      ]
    },
    "narrative_hooks": [
      "王允以貂蝉为饵，使吕布与董卓反目，长安城内杀机四伏。",
      "董卓乘车入宫，被吕布一戟刺死，暴尸街头，百姓争食其肉。",
      "董卓既死，其部将李傕、郭汜等西凉军残部陷入混乱。"
    ]
  },
  {
    "event_id": 4011,
    "year": 192,
    "month": 6,
    "event_name": "李傕郭汜乱长安",
    "summary": "李傕、郭汜听从贾诩建议，反攻长安，王允被杀，朝廷再落贼手。",
    "trigger_condition": "year == 192 AND month == 6",
    "hard_effects": {
      "npc_status": {
        "kill_list": [
          2046,
          2047
        ],
        "move_list": [
          {
            "npc_id": 2041,
            "to_region_id": 1017
          },
          {
            "npc_id": 2042,
            "to_region_id": 1017
          },
          {
            "npc_id": 2043,
            "to_region_id": 1017
          }
        ]
      },
      "region_changes": [
        {
          "region_id": 1017,
          "owner_faction_id": 3,
          "loyalty": 20
        },
        {
          "region_id": 1017,
          "money": -600000,
          "food": -400000
        }
      ]
    },
    "narrative_hooks": [
      "贾诩献计：'诸君若弃军单行，则一亭长能束君矣。不如率众而西，所在收兵，以攻长安，为董公报仇。'",
      "李傕、郭汜聚西凉残部十万余人，围攻长安，吕布败走。",
      "王允坠城而死，汉献帝再次落入贼手，天下更乱。"
    ]
  },
  {
    "event_id": 4012,
    "year": 192,
    "month": 8,
    "event_name": "曹操领兖州牧",
    "summary": "曹操击破青州黄巾，收编其众，被推举为兖州牧，势力壮大。",
    "trigger_condition": "year == 192 AND month == 8",
    "hard_effects": {
      "npc_status": {
        "kill_list": [],
        "move_list": [
          {
            "npc_id": 2010,
            "to_region_id": 1003
          }
        ]
      },
      "region_changes": [
        {
          "region_id": 1003,
          "owner_faction_id": 8,
          "loyalty": 65
        },
        {
          "region_id": 1003,
          "troop_count": 50000,
          "money": 1500000,
          "food": 1200000
        }
      ]
    },
    "narrative_hooks": [
      "曹操收编青州黄巾三十万，择其精锐，号'青州兵'，军力大增。",
      "兖州士人推举曹操为州牧，曹氏基业初成。",
      "曹操'挟天子以令诸侯'的战略初见雏形。"
    ]
  }
]