[
  {
    "event_id": 4001,
    "year": 184,
    "month": 2,
    "event_name": "黄巾起义爆发",
    "summary": "张角以\"苍天已死，黄天当立，岁在甲子，天下大吉\"为口号，发动黄巾起义，震动天下。",
    "trigger_condition": "year == 184 AND month == 2",
    "hard_effects": {
      "npc_status": {
        "kill_list": [],
        "move_list": [
          {
            "npc_id": 2001,
            "to_region_id": 1002
          },
          {
            "npc_id": 2002,
            "to_region_id": 1003
          },
          {
            "npc_id": 2003,
            "to_region_id": 1004
          }
        ]
      },
      "region_changes": [
        {
          "region_id": 1009,
          "owner_faction_id": 2,
          "loyalty": 40
        },
        {
          "region_id": 1004,
          "owner_faction_id": 2,
          "loyalty": 45
        },
        {
          "region_id": 1008,
          "owner_faction_id": 2,
          "loyalty": 50
        }
      ]
    },
    "narrative_hooks": [
      "太平道信徒头裹黄巾，高呼\"苍天已死，黄天当立\"，各地烽烟四起。",
      "朝廷震动，急令各州郡镇压，天下自此陷入战乱。",
      "百姓流离失所，豪强纷纷招募私兵，乱世序幕拉开。"
    ]
  },
  {
    "event_id": 4002,
    "year": 184,
    "month": 8,
    "event_name": "张角病卒",
    "summary": "黄巾军领袖张角在广宗病逝，黄巾军失去核心领导，士气受挫。",
    "trigger_condition": "year == 184 AND month == 8",
    "hard_effects": {
      "npc_status": {
        "kill_list": [
          2001
        ],
        "move_list": []
      },
      "region_changes": [
        {
          "region_id": 1002,
          "loyalty": 30
        },
        {
          "region_id": 1003,
          "loyalty": 25
        },
        {
          "region_id": 1004,
          "loyalty": 20
        }
      ]
    },
    "narrative_hooks": [
      "天公将军张角病逝的消息传开，黄巾军内部陷入混乱。",
      "张宝、张梁接掌残部，但威望不足，难以统合各方势力。",
      "朝廷军队趁势加强攻势，黄巾起义进入转折点。"
    ]
  },
  {
    "event_id": 4003,
    "year": 184,
    "month": 10,
    "event_name": "皇甫嵩平定黄巾主力",
    "summary": "皇甫嵩在广宗大破黄巾军，张梁战死，黄巾主力基本被剿灭。",
    "trigger_condition": "year == 184 AND month == 10",
    "hard_effects": {
      "npc_status": {
        "kill_list": [
          2003
        ],
        "move_list": [
          {
            "npc_id": 2004,
            "to_region_id": 1001
          },
          {
            "npc_id": 2005,
            "to_region_id": 1001
          }
        ]
      },
      "region_changes": [
        {
          "region_id": 1004,
          "owner_faction_id": 1,
          "loyalty": 60
        },
        {
          "region_id": 1009,
          "owner_faction_id": 1,
          "loyalty": 55
        },
        {
          "region_id": 1008,
          "owner_faction_id": 1,
          "loyalty": 50
        }
      ]
    },
    "narrative_hooks": [
      "皇甫嵩火烧黄巾大营，斩首数万，黄巾军主力溃散。",
      "张梁在乱军中战死，黄巾军失去最后的核心领导。",
      "各地残余黄巾转入山林，朝廷宣告初步平定叛乱。"
    ]
  },
  {
    "event_id": 4004,
    "year": 189,
    "month": 4,
    "event_name": "灵帝崩殂",
    "summary": "汉灵帝刘宏驾崩，少帝刘辩即位，外戚与宦官的权力斗争加剧。",
    "trigger_condition": "year == 189 AND month == 4",
    "hard_effects": {
      "npc_status": {
        "kill_list": [],
        "move_list": [
          {
            "npc_id": 2013,
            "to_region_id": 1001
          },
          {
            "npc_id": 2026,
            "to_region_id": 1001
          }
        ]
      },
      "region_changes": [
        {
          "region_id": 1001,
          "loyalty": 40
        },
        {
          "region_id": 1002,
          "loyalty": 35
        }
      ]
    },
    "narrative_hooks": [
      "灵帝驾崩，洛阳城内一片缟素，权力真空引发各方角逐。",
      "少帝年幼，何太后临朝听政，外戚与宦官的矛盾一触即发。",
      "各地诸侯观望局势，中央权威进一步衰落。"
    ]
  },
  {
    "event_id": 4005,
    "year": 189,
    "month": 8,
    "event_name": "十常侍之乱",
    "summary": "何进谋划诛杀宦官，反被张让等十常侍设计杀害，洛阳陷入混乱。",
    "trigger_condition": "year == 189 AND month == 8",
    "hard_effects": {
      "npc_status": {
        "kill_list": [
          2013,
          2034
        ],
        "move_list": [
          {
            "npc_id": 2030,
            "to_region_id": 1001
          },
          {
            "npc_id": 2031,
            "to_region_id": 1001
          }
        ]
      },
      "region_changes": [
        {
          "region_id": 1001,
          "owner_faction_id": 3,
          "loyalty": 20
        },
        {
          "region_id": 1001,
          "money": -500000,
          "food": -300000
        }
      ]
    },
    "narrative_hooks": [
      "何进被诱入宫中，遭十常侍埋伏杀害，首级被掷出宫墙。",
      "袁绍、曹操带兵攻入皇宫，诛杀宦官两千余人。",
      "董卓乘乱率西凉军进入洛阳，开始把持朝政，废立皇帝。"
    ]
  },
  {
    "event_id": 4006,
    "year": 190,
    "month": 1,
    "event_name": "关东诸侯起兵讨董",
    "summary": "曹操发布讨董檄文，关东诸侯响应，组成讨董联盟，推举袁绍为盟主。",
    "trigger_condition": "year == 190 AND month == 1",
    "hard_effects": {
      "npc_status": {
        "kill_list": [],
        "move_list": [
          {
            "npc_id": 2010,
            "to_region_id": 1004
          },
          {
            "npc_id": 2022,
            "to_region_id": 1002
          },
          {
            "npc_id": 2023,
            "to_region_id": 1007
          }
        ]
      },
      "region_changes": [
        {
          "region_id": 1002,
          "owner_faction_id": 4
        },
        {
          "region_id": 1007,
          "owner_faction_id": 7
        },
        {
          "region_id": 1004,
          "troop_count": 35000
        }
      ]
    },
    "narrative_hooks": [
      "曹操散家财，募义兵，发布檄文声讨董卓罪行。",
      "十八路诸侯会盟酸枣，歃血为盟，推举袁绍为盟主。",
      "天下英雄云集，讨董大旗竖起，中原战火重燃。"
    ]
  },
  {
    "event_id": 4007,
    "year": 190,
    "month": 2,
    "event_name": "董卓迁都长安",
    "summary": "董卓为避关东联军兵锋，强迫汉献帝及百官迁都长安，焚烧洛阳宫殿。",
    "trigger_condition": "year == 190 AND month == 2",
    "hard_effects": {
      "npc_status": {
        "kill_list": [],
        "move_list": [
          {
            "npc_id": 2026,
            "to_region_id": 1017
          },
          {
            "npc_id": 2027,
            "to_region_id": 1017
          },
          {
            "npc_id": 2028,
            "to_region_id": 1017
          }
        ]
      },
      "region_changes": [
        {
          "region_id": 1001,
          "commerce": -200,
          "culture": -300,
          "money": -800000,
          "food": -500000
        },
        {
          "region_id": 1017,
          "commerce": 950,
          "culture": 920,
          "money": 2000000,
          "food": 1000000
        }
      ]
    },
    "narrative_hooks": [
      "董卓驱赶洛阳百姓西行，沿途死者不计其数。",
      "洛阳宫殿被焚，火光冲天，千年古都毁于一旦。",
      "长安成为新的政治中心，但朝廷权威荡然无存。"
    ]
  },
  {
    "event_id": 4008,
    "year": 191,
    "month": 3,
    "event_name": "孙坚得玉玺",
    "summary": "孙坚在洛阳井中得传国玉玺，心生异志，与袁绍结怨。",
    "trigger_condition": "year == 191 AND month == 3",
    "hard_effects": {
      "npc_status": {
        "kill_list": [],
        "move_list": []
      },
      "region_changes": [
        {
          "region_id": 1011,
          "loyalty": 75
        }
      ]
    },
    "narrative_hooks": [
      "孙坚在井中发现玉玺，视为天命所归，暗中谋划大事。",
      "袁绍得知后索要玉玺，孙坚拒不交出，两人关系破裂。",
      "传国玉玺现世，成为各方争夺的象征，天下逐鹿加剧。"
    ]
  },
  {
    "event_id": 4009,
    "year": 191,
    "month": 4,
    "event_name": "虎牢关之战",
    "summary": "吕布在虎牢关前连斩数将，张飞、关羽、刘备三英战吕布，联军士气大振。",
    "trigger_condition": "year == 191 AND month == 4",
    "hard_effects": {
      "npc_status": {
        "kill_list": [],
        "move_list": [
          {
            "npc_id": 2027,
            "to_region_id": 1016
          }
        ]
      },
      "region_changes": [
        {
          "region_id": 1016,
          "troop_count": 25000
        },
        {
          "region_id": 1004,
          "troop_count": 40000
        }
      ]
    },
    "narrative_hooks": [
      "吕布赤兔马，方天戟，连斩联军数员大将，威震虎牢关。",
      "张飞挺丈八蛇矛，关羽舞青龙偃月，刘备双股剑，三英战吕布。",
      "此战虽未分胜负，但打破了吕布不可战胜的神话，联军士气高涨。"
    ]
  },
  {
    "event_id": 4010,
    "year": 192,
    "month": 4,
    "event_name": "王允连环计，董卓被杀",
    "summary": "王允设连环计，使吕布杀董卓，董卓势力崩溃。",
    "trigger_condition": "year == 192 AND month == 4",
    "hard_effects": {
      "npc_status": {
        "kill_list": [
          2026
        ],
        "move_list": [
          {
            "npc_id": 2027,
            "to_region_id": 1001
          },
          {
            "npc_id": 2028,
            "to_region_id": 1001
          }
        ]
      },
      "region_changes": [
        {
          "region_id": 1017,
          "owner_faction_id": 1,
          "loyalty": 50
        },
        {
          "region_id": 1001,
          "owner_faction_id": 1,
          "loyalty": 40
        }
      ]
    },
    "narrative_hooks": [
      "王允以貂蝉为饵，使吕布与董卓反目，长安城内杀机四伏。",
      "董卓乘车入宫，被吕布一戟刺死，暴尸街头，百姓争食其肉。",
      "董卓既死，其部将李傕、郭汜等西凉军残部陷入混乱。"
    ]
  },
  {
    "event_id": 4011,
    "year": 192,
    "month": 6,
    "event_name": "李傕郭汜乱长安",
    "summary": "李傕、郭汜听从贾诩建议，反攻长安，王允被杀，朝廷再落贼手。",
    "trigger_condition": "year == 192 AND month == 6",
    "hard_effects": {
      "npc_status": {
        "kill_list": [
          2046,
          2047
        ],
        "move_list": [
          {
            "npc_id": 2041,
            "to_region_id": 1017
          },
          {
            "npc_id": 2042,
            "to_region_id": 1017
          },
          {
            "npc_id": 2043,
            "to_region_id": 1017
          }
        ]
      },
      "region_changes": [
        {
          "region_id": 1017,
          "owner_faction_id": 3,
          "loyalty": 20
        },
        {
          "region_id": 1017,
          "money": -600000,
          "food": -400000
        }
      ]
    },
    "narrative_hooks": [
      "贾诩献计：'诸君若弃军单行，则一亭长能束君矣。不如率众而西，所在收兵，以攻长安，为董公报仇。'",
      "李傕、郭汜聚西凉残部十万余人，围攻长安，吕布败走。",
      "王允坠城而死，汉献帝再次落入贼手，天下更乱。"
    ]
  },
  {
    "event_id": 4012,
    "year": 192,
    "month": 8,
    "event_name": "曹操领兖州牧",
    "summary": "曹操击破青州黄巾，收编其众，被推举为兖州牧，势力壮大。",
    "trigger_condition": "year == 192 AND month == 8",
    "hard_effects": {
      "npc_status": {
        "kill_list": [],
        "move_list": [
          {
            "npc_id": 2010,
            "to_region_id": 1003
          }
        ]
      },
      "region_changes": [
        {
          "region_id": 1003,
          "owner_faction_id": 8,
          "loyalty": 65
        },
        {
          "region_id": 1003,
          "troop_count": 50000,
          "money": 1500000,
          "food": 1200000
        }
      ]
    },
    "narrative_hooks": [
      "曹操收编青州黄巾三十万，择其精锐，号'青州兵'，军力大增。",
      "兖州士人推举曹操为州牧，曹氏基业初成。",
      "曹操'挟天子以令诸侯'的战略初见雏形。"
    ]
  },
  {
    "event_id": 4013,
    "year": 193,
    "month": 4,
    "event_name": "陶谦让徐州",
    "summary": "陶谦病重，将徐州让予刘备，刘备初得基业。",
    "trigger_condition": "year == 193 AND month == 4",
    "hard_effects": {
      "npc_status": {
        "kill_list": [
          2038
        ],
        "move_list": [
          {
            "npc_id": 2019,
            "to_region_id": 1007
          }
        ]
      },
      "region_changes": [
        {
          "region_id": 1007,
          "owner_faction_id": 5,
          "loyalty": 70
        },
        {
          "region_id": 1008,
          "owner_faction_id": 5,
          "loyalty": 65
        }
      ]
    },
    "narrative_hooks": [
      "陶谦病榻前托付徐州，刘备再三推辞，终为百姓请命而受。",
      "徐州士民拥戴刘备，玄德公初有立足之地。",
      "吕布败走兖州，投奔刘备，刘备收留于小沛。"
    ]
  },
  {
    "event_id": 4014,
    "year": 194,
    "month": 2,
    "event_name": "吕布袭徐州",
    "summary": "吕布趁刘备出征袁术之机，袭取下邳，刘备败走海西。",
    "trigger_condition": "year == 194 AND month == 2",
    "hard_effects": {
      "npc_status": {
        "kill_list": [],
        "move_list": [
          {
            "npc_id": 2027,
            "to_region_id": 1007
          },
          {
            "npc_id": 2019,
            "to_region_id": 1012
          },
          {
            "npc_id": 2020,
            "to_region_id": 1012
          },
          {
            "npc_id": 2021,
            "to_region_id": 1012
          }
        ]
      },
      "region_changes": [
        {
          "region_id": 1007,
          "owner_faction_id": 7,
          "loyalty": 55
        },
        {
          "region_id": 1008,
          "owner_faction_id": 7,
          "loyalty": 50
        }
      ]
    },
    "narrative_hooks": [
      "张飞醉酒误事，曹豹私开城门，吕布轻取徐州。",
      "刘备闻讯回师，已无家可归，只得暂驻海西。",
      "吕布反客为主，刘备忍辱负重，寄人篱下。"
    ]
  },
  {
    "event_id": 4015,
    "year": 194,
    "month": 6,
    "event_name": "孙策借兵定江东",
    "summary": "孙策以玉玺为质，向袁术借兵三千，渡江开创基业。",
    "trigger_condition": "year == 194 AND month == 6",
    "hard_effects": {
      "npc_status": {
        "kill_list": [],
        "move_list": [
          {
            "npc_id": 2071,
            "to_region_id": 1025
          },
          {
            "npc_id": 2072,
            "to_region_id": 1025
          },
          {
            "npc_id": 2073,
            "to_region_id": 1025
          }
        ]
      },
      "region_changes": [
        {
          "region_id": 1025,
          "owner_faction_id": 6,
          "loyalty": 75
        },
        {
          "region_id": 1026,
          "owner_faction_id": 6,
          "loyalty": 70
        },
        {
          "region_id": 1027,
          "owner_faction_id": 6,
          "loyalty": 65
        }
      ]
    },
    "narrative_hooks": [
      "孙策以传国玉玺为质，向袁术借得三千精兵，渡江创业。",
      "周瑜闻讯来投，两人一见如故，共谋江东大业。",
      "孙策勇冠三军，所向披靡，江东豪杰纷纷归附。"
    ]
  },
  {
    "event_id": 4016,
    "year": 195,
    "month": 3,
    "event_name": "孙策大败刘繇",
    "summary": "孙策在牛渚大败刘繇，夺取丹阳、吴郡，江东基业初定。",
    "trigger_condition": "year == 195 AND month == 3",
    "hard_effects": {
      "npc_status": {
        "kill_list": [],
        "move_list": [
          {
            "npc_id": 2071,
            "to_region_id": 1026
          },
          {
            "npc_id": 2074,
            "to_region_id": 1026
          },
          {
            "npc_id": 2075,
            "to_region_id": 1026
          }
        ]
      },
      "region_changes": [
        {
          "region_id": 1026,
          "owner_faction_id": 6,
          "loyalty": 80
        },
        {
          "region_id": 1028,
          "owner_faction_id": 6,
          "loyalty": 75
        },
        {
          "region_id": 1026,
          "troop_count": 35000
        }
      ]
    },
    "narrative_hooks": [
      "孙策率军猛攻，刘繇溃不成军，江东大半已入孙氏之手。",
      "张昭、张纮等名士投奔孙策，为江东治理奠定基础。",
      "孙策号称'小霸王'，威震江东，曹操亦为之侧目。"
    ]
  },
  {
    "event_id": 4017,
    "year": 195,
    "month": 8,
    "event_name": "吕布刘备和解",
    "summary": "吕布采纳陈宫建议，归还刘备家眷，让刘备驻小沛，共抗曹操。",
    "trigger_condition": "year == 195 AND month == 8",
    "hard_effects": {
      "npc_status": {
        "kill_list": [],
        "move_list": [
          {
            "npc_id": 2019,
            "to_region_id": 1008
          },
          {
            "npc_id": 2020,
            "to_region_id": 1008
          },
          {
            "npc_id": 2021,
            "to_region_id": 1008
          }
        ]
      },
      "region_changes": [
        {
          "region_id": 1008,
          "owner_faction_id": 5,
          "loyalty": 60
        },
        {
          "region_id": 1007,
          "loyalty": 50
        }
      ]
    },
    "narrative_hooks": [
      "陈宫劝吕布：'强敌在外，不可内斗。' 吕布遂归还刘备家眷。",
      "刘备忍辱负重，暂驻小沛，表面依附吕布，暗中积蓄力量。",
      "曹操见吕刘和解，暂缓东征，先图河北袁绍。"
    ]
  },
  {
    "event_id": 4018,
    "year": 196,
    "month": 1,
    "event_name": "曹操迎献帝迁都许昌",
    "summary": "曹操迎汉献帝迁都许昌，'挟天子以令诸侯'，政治优势确立。",
    "trigger_condition": "year == 196 AND month == 1",
    "hard_effects": {
      "npc_status": {
        "kill_list": [],
        "move_list": [
          {
            "npc_id": 2010,
            "to_region_id": 1003
          },
          {
            "npc_id": 2029,
            "to_region_id": 1003
          },
          {
            "npc_id": 2030,
            "to_region_id": 1003
          }
        ]
      },
      "region_changes": [
        {
          "region_id": 1003,
          "commerce": 850,
          "culture": 800,
          "money": 2000000,
          "food": 1500000,
          "troop_count": 60000
        },
        {
          "region_id": 1003,
          "loyalty": 85
        }
      ]
    },
    "narrative_hooks": [
      "曹操采纳荀彧'奉天子以令不臣'之策，迎献帝迁都许昌。",
      "朝廷百官迁至许昌，曹操掌控朝政，诸侯不得不奉诏。",
      "袁绍后悔未抢先迎帝，与曹操矛盾加剧。"
    ]
  },
  {
    "event_id": 4019,
    "year": 196,
    "month": 5,
    "event_name": "孙策得周瑜辅佐",
    "summary": "周瑜带兵投奔孙策，两人结为兄弟，共图江东霸业。",
    "trigger_condition": "year == 196 AND month == 5",
    "hard_effects": {
      "npc_status": {
        "kill_list": [],
        "move_list": []
      },
      "region_changes": [
        {
          "region_id": 1025,
          "culture": 700,
          "loyalty": 85
        },
        {
          "region_id": 1025,
          "troop_count": 40000
        }
      ]
    },
    "narrative_hooks": [
      "周瑜闻孙策起兵，率部曲来投，两人'外托君臣之义，内结骨肉之恩'。",
      "孙策大喜：'吾得公瑾，大事谐矣！' 江东文武阵容初成。",
      "周瑜献计平定江东六郡，孙氏基业日渐稳固。"
    ]
  },
  {
    "event_id": 4020,
    "year": 197,
    "month": 1,
    "event_name": "袁术称帝",
    "summary": "袁术在寿春称帝，国号仲氏，引发天下声讨。",
    "trigger_condition": "year == 197 AND month == 1",
    "hard_effects": {
      "npc_status": {
        "kill_list": [],
        "move_list": [
          {
            "npc_id": 2023,
            "to_region_id": 1029
          }
        ]
      },
      "region_changes": [
        {
          "region_id": 1029,
          "owner_faction_id": 11,
          "loyalty": 60
        }
      ]
    },
    "narrative_hooks": [
      "袁术得玉玺，以为天命所归，公然称帝于淮南。",
      "曹操、刘备、孙策等纷纷声讨，天下共击之。",
      "仲氏政权不得人心，迅速陷入孤立。"
    ]
  },
  {
    "event_id": 4021,
    "year": 197,
    "month": 9,
    "event_name": "曹操征张绣",
    "summary": "曹操南征张绣，张绣投降后因曹操纳张济遗孀而复叛。",
    "trigger_condition": "year == 197 AND month == 9",
    "hard_effects": {
      "npc_status": {
        "kill_list": [
          2014
        ],
        "move_list": [
          {
            "npc_id": 2122,
            "to_region_id": 1010
          }
        ]
      },
      "region_changes": [
        {
          "region_id": 1010,
          "owner_faction_id": 9,
          "loyalty": 65,
          "troop_count": 25000
        }
      ]
    },
    "narrative_hooks": [
      "曹操轻取宛城，张绣投降，局势看似已定。",
      "曹操纳张济遗孀邹氏，张绣深感羞辱，决意复叛。",
      "典韦力战身亡，曹操长子曹昂亦死于乱军之中。"
    ]
  },
  {
    "event_id": 4022,
    "year": 198,
    "month": 3,
    "event_name": "曹操再征张绣",
    "summary": "曹操再次南征张绣，刘表派兵救援，形成对峙。",
    "trigger_condition": "year == 198 AND month == 3",
    "hard_effects": {
      "npc_status": {
        "kill_list": [],
        "move_list": []
      },
      "region_changes": [
        {
          "region_id": 1010,
          "troop_count": 20000,
          "money": -300000,
          "food": -200000
        },
        {
          "region_id": 1003,
          "troop_count": 40000,
          "money": -500000,
          "food": -300000
        }
      ]
    },
    "narrative_hooks": [
      "曹操为报子仇，亲率大军再征宛城。",
      "刘表派兵救援张绣，南阳一带战火重燃。",
      "双方相持不下，曹操因后方不稳而撤军。"
    ]
  },
  {
    "event_id": 4023,
    "year": 199,
    "month": 6,
    "event_name": "袁术败亡",
    "summary": "袁术众叛亲离，欲投袁绍被刘备截击，呕血而死。",
    "trigger_condition": "year == 199 AND month == 6",
    "hard_effects": {
      "npc_status": {
        "kill_list": [
          2023
        ],
        "move_list": []
      },
      "region_changes": [
        {
          "region_id": 1029,
          "owner_faction_id": 8,
          "loyalty": 55
        }
      ]
    },
    "narrative_hooks": [
      "袁术称帝后众叛亲离，淮南大旱，士卒逃亡。",
      "袁术欲投袁绍，途中遭刘备截击，粮尽援绝。",
      "临终前叹曰：'袁术至于此乎！' 呕血斗余而死。"
    ]
  },
  {
    "event_id": 4024,
    "year": 200,
    "month": 1,
    "event_name": "官渡之战前夕",
    "summary": "袁绍集结十万大军南下，曹操率两万精锐于官渡布防，决战一触即发。",
    "trigger_condition": "year == 200 AND month == 1",
    "hard_effects": {
      "npc_status": {
        "kill_list": [],
        "move_list": [
          {
            "npc_id": 2106,
            "to_region_id": 1037
          },
          {
            "npc_id": 2107,
            "to_region_id": 1037
          }
        ]
      },
      "region_changes": [
        {
          "region_id": 1002,
          "troop_count": 100000,
          "money": -1000000,
          "food": -1500000
        },
        {
          "region_id": 1041,
          "troop_count": 30000,
          "defense": 900
        }
      ]
    },
    "narrative_hooks": [
      "袁绍发布讨曹檄文，以颜良、文丑为先锋，十万大军南下。",
      "曹操集中全部精锐于官渡，粮草紧缺，局势危急。",
      "谋士荀彧力劝曹操坚守待变，断言'绍之强其何能为！'"
    ]
  },
  {
    "event_id": 4025,
    "year": 200,
    "month": 5,
    "event_name": "白马之围",
    "summary": "颜良围白马，曹操采纳荀攸声东击西之计，关羽斩颜良解围。",
    "trigger_condition": "year == 200 AND month == 5",
    "hard_effects": {
      "npc_status": {
        "kill_list": [
          2106
        ],
        "move_list": [
          {
            "npc_id": 2020,
            "to_region_id": 1038
          }
        ]
      },
      "region_changes": [
        {
          "region_id": 1038,
          "owner_faction_id": 8,
          "loyalty": 75,
          "troop_count": 20000
        },
        {
          "region_id": 1037,
          "troop_count": 60000,
          "defense": 800
        }
      ]
    },
    "narrative_hooks": [
      "颜良大军围困白马，守将刘延告急，曹操亲自率军救援。",
      "荀攸献计：'今兵少不敌，分其势乃可。' 曹操依计而行。",
      "关羽望见颜良麾盖，策马刺良于万众之中，斩其首还，绍军莫能当者。"
    ]
  },
  {
    "event_id": 4026,
    "year": 200,
    "month": 7,
    "event_name": "乌巢劫粮",
    "summary": "曹操采纳许攸之计，亲率轻骑夜袭乌巢，烧毁袁绍全部粮草。",
    "trigger_condition": "year == 200 AND month == 7",
    "hard_effects": {
      "npc_status": {
        "kill_list": [
          2111
        ],
        "move_list": [
          {
            "npc_id": 2081,
            "to_region_id": 1003
          }
        ]
      },
      "region_changes": [
        {
          "region_id": 1039,
          "owner_faction_id": 8,
          "food": 0,
          "troop_count": 5000
        },
        {
          "region_id": 1002,
          "food": -1500000,
          "troop_count": 70000,
          "loyalty": 60
        }
      ]
    },
    "narrative_hooks": [
      "许攸因家属犯法投奔曹操，献乌巢劫粮之计。",
      "曹操亲率五千轻骑，夜袭乌巢，火烧粮仓，火光冲天。",
      "袁绍闻乌巢失守，军心大乱，官渡之战进入转折点。"
    ]
  },
  {
    "event_id": 4027,
    "year": 200,
    "month": 10,
    "event_name": "官渡大捷",
    "summary": "袁绍军粮尽兵溃，曹操乘胜追击，歼敌七万余，袁绍仅率八百骑逃回河北。",
    "trigger_condition": "year == 200 AND month == 10",
    "hard_effects": {
      "npc_status": {
        "kill_list": [
          2107,
          2125,
          2142
        ],
        "move_list": [
          {
            "npc_id": 2126,
            "to_region_id": 1003
          },
          {
            "npc_id": 2022,
            "to_region_id": 1002
          }
        ]
      },
      "region_changes": [
        {
          "region_id": 1002,
          "troop_count": 30000,
          "money": -800000,
          "food": -1000000,
          "loyalty": 50
        },
        {
          "region_id": 1003,
          "troop_count": 80000,
          "money": 1500000,
          "food": 1200000,
          "loyalty": 95
        }
      ]
    },
    "narrative_hooks": [
      "曹操趁袁绍军心涣散，全面反攻，袁军溃不成军。",
      "张郃、高览临阵倒戈，袁绍大势已去。",
      "曹操以少胜多，奠定统一北方的基础，威震天下。"
    ]
  },
  {
    "event_id": 4028,
    "year": 202,
    "month": 6,
    "event_name": "袁绍病逝",
    "summary": "袁绍兵败后忧愤成疾，病逝于邺城，袁氏内部分裂。",
    "trigger_condition": "year == 202 AND month == 6",
    "hard_effects": {
      "npc_status": {
        "kill_list": [
          2022
        ],
        "move_list": []
      },
      "region_changes": [
        {
          "region_id": 1002,
          "loyalty": 40,
          "money": -500000,
          "troop_count": 20000
        }
      ]
    },
    "narrative_hooks": [
      "袁绍回邺城后，惭恨交加，吐血数升而亡。",
      "审配、逢纪立袁尚为嗣，袁谭不服，兄弟相争。",
      "河北袁氏从此衰落，曹操各个击破的时机成熟。"
    ]
  },
  {
    "event_id": 4029,
    "year": 207,
    "month": 9,
    "event_name": "三顾茅庐",
    "summary": "刘备三顾茅庐，诸葛亮献隆中对，提出三分天下的战略构想。",
    "trigger_condition": "year == 207 AND month == 9",
    "hard_effects": {
      "npc_status": {
        "kill_list": [],
        "move_list": [
          {
            "npc_id": 2032,
            "to_region_id": 1012
          }
        ]
      },
      "region_changes": [
        {
          "region_id": 1012,
          "culture": 400,
          "loyalty": 85,
          "troop_count": 30000
        }
      ]
    },
    "narrative_hooks": [
      "刘备屯驻新野，求贤若渴，闻诸葛亮之名而往访。",
      "一顾不遇，二顾不遇，三顾方得见，君臣相得如鱼水。",
      "隆中对策，预判天下三分，为刘备集团指明发展方向。"
    ]
  }
]