[
  {
    "event_id": 4030,
    "year": 208,
    "month": 7,
    "event_name": "曹操南征荆州",
    "summary": "曹操率大军南下，刘琮投降，荆州易主，刘备南逃",
    "trigger_condition": "year == 208 AND month == 7",
    "hard_effects": {
      "npc_status": {
        "kill_list": [
          2174
        ],
        "move_list": [
          {
            "npc_id": 2019,
            "to_region_id": 1047
          },
          {
            "npc_id": 2024,
            "to_region_id": null
          }
        ]
      },
      "region_changes": [
        {
          "region_id": 1047,
          "owner_faction_id": 8,
          "loyalty": 60
        },
        {
          "region_id": 1048,
          "owner_faction_id": 8,
          "loyalty": 55
        },
        {
          "region_id": 1049,
          "owner_faction_id": 8,
          "loyalty": 50
        },
        {
          "region_id": 1050,
          "owner_faction_id": 8,
          "loyalty": 58
        },
        {
          "region_id": 1057,
          "owner_faction_id": 8,
          "loyalty": 54
        },
        {
          "region_id": 1058,
          "owner_faction_id": 8,
          "loyalty": 51
        },
        {
          "region_id": 1059,
          "owner_faction_id": 8,
          "loyalty": 49
        }
      ]
    },
    "narrative_hooks": [
      "曹操大军压境，荆州震动此事影响深远，各地局势为之变化。",
      "刘琮在蔡瑁、蒯越等人劝说下投降",
      "刘备携民渡江，艰难南逃此事影响深远，各地局势为之变化。",
      "诸葛亮出使东吴，谋求联合抗曹此事影响深远，各地局势为之变化。"
    ]
  },
  {
    "event_id": 4031,
    "year": 208,
    "month": 10,
    "event_name": "赤壁之战",
    "summary": "孙刘联军在赤壁大破曹操，奠定三国鼎立基础",
    "trigger_condition": "year == 208 AND month == 10",
    "hard_effects": {
      "npc_status": {
        "kill_list": [],
        "move_list": [
          {
            "npc_id": 2010,
            "to_region_id": 1003
          },
          {
            "npc_id": 2019,
            "to_region_id": 1047
          },
          {
            "npc_id": 2057,
            "to_region_id": 1053
          }
        ]
      },
      "region_changes": [
        {
          "region_id": 1047,
          "owner_faction_id": 5,
          "loyalty": 85
        },
        {
          "region_id": 1048,
          "owner_faction_id": 6,
          "loyalty": 75
        },
        {
          "region_id": 1054,
          "owner_faction_id": 6,
          "loyalty": 70
        },
        {
          "region_id": 1053,
          "troop_count": 50000,
          "defense": 800
        },
        {
          "region_id": 1003,
          "troop_count": 50000,
          "loyalty": 80
        }
      ]
    },
    "narrative_hooks": [
      "周瑜火烧赤壁，曹军溃败此事影响深远，各地局势为之变化。",
      "诸葛亮借东风，黄盖诈降此事影响深远，各地局势为之变化。",
      "曹操败走华容道，关羽义释此事影响深远，各地局势为之变化。",
      "孙刘联军乘胜追击，扩大战果此事影响深远，各地局势为之变化。"
    ]
  },
  {
    "event_id": 4032,
    "year": 209,
    "month": 1,
    "event_name": "刘备取荆州四郡",
    "summary": "刘备趁赤壁余威，攻取武陵、长沙、桂阳、零陵四郡",
    "trigger_condition": "year == 209 AND month == 1",
    "hard_effects": {
      "npc_status": {
        "kill_list": [],
        "move_list": []
      },
      "region_changes": [
        {
          "region_id": 1057,
          "owner_faction_id": 5,
          "loyalty": 75
        },
        {
          "region_id": 1058,
          "owner_faction_id": 5,
          "loyalty": 72
        },
        {
          "region_id": 1059,
          "owner_faction_id": 5,
          "loyalty": 70
        },
        {
          "region_id": 1033,
          "owner_faction_id": 5,
          "loyalty": 68
        },
        {
          "region_id": 1047,
          "commerce": 850,
          "farming": 880,
          "culture": 780
        }
      ]
    },
    "narrative_hooks": [
      "赵云取桂阳，赵范献嫂此事影响深远，各地局势为之变化。",
      "张飞取武陵，巩志投降此事影响深远，各地局势为之变化。",
      "关羽取长沙，黄忠归降此事影响深远，各地局势为之变化。",
      "刘备势力迅速扩张，成为荆州实际控制者"
    ]
  },
  {
    "event_id": 4033,
    "year": 209,
    "month": 6,
    "event_name": "孙权嫁妹",
    "summary": "孙权将妹妹孙尚香嫁给刘备，巩固孙刘联盟",
    "trigger_condition": "year == 209 AND month == 6",
    "hard_effects": {
      "npc_status": {
        "kill_list": [],
        "move_list": [
          {
            "npc_id": 2181,
            "to_region_id": 1047
          }
        ]
      },
      "region_changes": [
        {
          "region_id": 1047,
          "loyalty": 90,
          "culture": 800
        },
        {
          "region_id": 1053,
          "loyalty": 85,
          "commerce": 880
        }
      ]
    },
    "narrative_hooks": [
      "周瑜设美人计，赔了夫人又折兵此事影响深远，各地局势为之变化。",
      "孙尚香巾帼豪杰，与刘备政治联姻",
      "诸葛亮锦囊妙计，助刘备安全返回",
      "孙刘联盟暂时巩固，但暗藏裂痕此事影响深远，各地局势为之变化。"
    ]
  },
  {
    "event_id": 4034,
    "year": 210,
    "month": 3,
    "event_name": "周瑜病逝",
    "summary": "周瑜在准备西征益州途中病逝于巴丘，年仅三十六岁",
    "trigger_condition": "year == 210 AND month == 3",
    "hard_effects": {
      "npc_status": {
        "kill_list": [
          2151
        ],
        "move_list": []
      },
      "region_changes": [
        {
          "region_id": 1053,
          "culture": 750,
          "troop_count": 45000
        },
        {
          "region_id": 1048,
          "commerce": 780,
          "farming": 750
        }
      ]
    },
    "narrative_hooks": [
      "周瑜临终上疏，推荐鲁肃继任此事影响深远，各地局势为之变化。",
      "既生瑜，何生亮的千古遗憾此事影响深远，各地局势为之变化。",
      "孙权痛哭流涕，亲自迎丧此事影响深远，各地局势为之变化。",
      "东吴失去一位雄才大略的统帅此事影响深远，各地局势为之变化。"
    ]
  },
  {
    "event_id": 4035,
    "year": 210,
    "month": 7,
    "event_name": "鲁肃接任都督",
    "summary": "孙权任命鲁肃为奋武校尉，接替周瑜统领兵马",
    "trigger_condition": "year == 210 AND month == 7",
    "hard_effects": {
      "npc_status": {
        "kill_list": [],
        "move_list": [
          {
            "npc_id": 2152,
            "to_region_id": 1053
          }
        ]
      },
      "region_changes": [
        {
          "region_id": 1053,
          "culture": 820,
          "commerce": 900
        },
        {
          "region_id": 1048,
          "defense": 780,
          "loyalty": 80
        }
      ]
    },
    "narrative_hooks": [
      "鲁肃主张维持孙刘联盟，共同抗曹",
      "单刀赴会，与关羽划分荆州此事影响深远，各地局势为之变化。",
      "联刘抗曹战略的坚定执行者此事影响深远，各地局势为之变化。",
      "东吴外交政策的温和派代表此事影响深远，各地局势为之变化。"
    ]
  },
  {
    "event_id": 4036,
    "year": 210,
    "month": 12,
    "event_name": "刘备借荆州",
    "summary": "刘备向孙权借荆州南郡，以图西进益州",
    "trigger_condition": "year == 210 AND month == 12",
    "hard_effects": {
      "npc_status": {
        "kill_list": [],
        "move_list": []
      },
      "region_changes": [
        {
          "region_id": 1047,
          "owner_faction_id": 5,
          "loyalty": 95
        },
        {
          "region_id": 1050,
          "owner_faction_id": 5,
          "loyalty": 75
        },
        {
          "region_id": 1053,
          "commerce": 850,
          "loyalty": 78
        }
      ]
    },
    "narrative_hooks": [
      "借荆州，有借无还的历史典故此事影响深远，各地局势为之变化。",
      "鲁肃力主借地，为联盟大局此事影响深远，各地局势为之变化。",
      "周瑜若在，必不允此借此事影响深远，各地局势为之变化。",
      "刘备获得战略要地，西进益州门户打开"
    ]
  },
  {
    "event_id": 4037,
    "year": 211,
    "month": 3,
    "event_name": "曹操西征马超",
    "summary": "曹操亲征关中，与马超、韩遂联军大战潼关",
    "trigger_condition": "year == 211 AND month == 3",
    "hard_effects": {
      "npc_status": {
        "kill_list": [],
        "move_list": [
          {
            "npc_id": 2010,
            "to_region_id": 1017
          },
          {
            "npc_id": 2062,
            "to_region_id": 1018
          },
          {
            "npc_id": 2063,
            "to_region_id": 1018
          }
        ]
      },
      "region_changes": [
        {
          "region_id": 1017,
          "troop_count": 60000,
          "defense": 900
        },
        {
          "region_id": 1018,
          "troop_count": 40000,
          "loyalty": 60
        },
        {
          "region_id": 1020,
          "owner_faction_id": 1,
          "loyalty": 55
        }
      ]
    },
    "narrative_hooks": [
      "割须弃袍，曹操潼关险丧命此事影响深远，各地局势为之变化。",
      "离间计破马韩联军此事影响深远，各地局势为之变化。",
      "马超败走凉州，投奔张鲁此事影响深远，各地局势为之变化。",
      "曹操平定关中，稳固西北此事影响深远，各地局势为之变化。"
    ]
  }
]