[
  {
    "event_id": 4038,
    "year": 219,
    "month": 7,
    "event_name": "关羽水淹七军",
    "summary": "关羽利用汉水暴涨，水淹于禁七军，生擒庞德，威震华夏",
    "trigger_condition": "year == 219 AND month == 7",
    "hard_effects": {
      "npc_status": {
        "kill_list": [
          2094
        ],
        "move_list": [
          {
            "npc_id": 2020,
            "to_region_id": 1047
          },
          {
            "npc_id": 2163,
            "to_region_id": 1011
          }
        ]
      },
      "region_changes": [
        {
          "region_id": 1047,
          "loyalty": 95,
          "troop_count": 50000
        },
        {
          "region_id": 1011,
          "troop_count": 30000,
          "defense": 800
        }
      ]
    },
    "narrative_hooks": [
      "汉水暴涨，关羽趁机决堤，曹军溃不成军",
      "庞德宁死不降，被关羽所杀此事影响深远，各地局势为之变化。",
      "于禁投降，曹操感叹：于禁跟从我三十年，临危处难，反不如庞德！",
      "关羽威名达到顶峰，曹操甚至考虑迁都避其锋芒"
    ]
  },
  {
    "event_id": 4039,
    "year": 219,
    "month": 10,
    "event_name": "吕蒙白衣渡江",
    "summary": "吕蒙率军伪装商船，白衣渡江，奇袭荆州，关羽后方失守",
    "trigger_condition": "year == 219 AND month == 10",
    "hard_effects": {
      "npc_status": {
        "kill_list": [],
        "move_list": [
          {
            "npc_id": 2153,
            "to_region_id": 1048
          },
          {
            "npc_id": 2187,
            "to_region_id": 1049
          }
        ]
      },
      "region_changes": [
        {
          "region_id": 1048,
          "troop_count": 60000,
          "defense": 850
        },
        {
          "region_id": 1049,
          "owner_faction_id": 6,
          "loyalty": 65
        }
      ]
    },
    "narrative_hooks": [
      "吕蒙令士卒白衣渡江，伪装商船，烽火台守军不疑",
      "关羽后方空虚，吕蒙兵不血刃夺取荆州",
      "荆州守将糜芳、傅士仁不战而降此事影响深远，各地局势为之变化。",
      "关羽陷入前后夹击的绝境此事影响深远，各地局势为之变化。"
    ]
  },
  {
    "event_id": 4040,
    "year": 219,
    "month": 12,
    "event_name": "关羽失荆州",
    "summary": "关羽败走麦城，被东吴擒获，荆州全境落入东吴之手",
    "trigger_condition": "year == 219 AND month == 12",
    "hard_effects": {
      "npc_status": {
        "kill_list": [
          2020
        ],
        "move_list": [
          {
            "npc_id": 2182,
            "to_region_id": 1012
          },
          {
            "npc_id": 2183,
            "to_region_id": 1012
          }
        ]
      },
      "region_changes": [
        {
          "region_id": 1047,
          "owner_faction_id": 6,
          "loyalty": 70
        },
        {
          "region_id": 1049,
          "loyalty": 75
        },
        {
          "region_id": 1057,
          "owner_faction_id": 6,
          "loyalty": 68
        },
        {
          "region_id": 1058,
          "owner_faction_id": 6,
          "loyalty": 65
        },
        {
          "region_id": 1059,
          "owner_faction_id": 6,
          "loyalty": 62
        }
      ]
    },
    "narrative_hooks": [
      "关羽败走麦城，手下士卒离散此事影响深远，各地局势为之变化。",
      "孙权遣潘璋、马忠埋伏，擒获关羽",
      "关羽宁死不降，被孙权下令处斩此事影响深远，各地局势为之变化。",
      "荆州全境易主，刘备失去战略要地"
    ]
  },
  {
    "event_id": 4041,
    "year": 220,
    "month": 1,
    "event_name": "曹操逝世",
    "summary": "曹操在洛阳病逝，曹丕继位，汉朝名存实亡",
    "trigger_condition": "year == 220 AND month == 1",
    "hard_effects": {
      "npc_status": {
        "kill_list": [
          2010
        ],
        "move_list": [
          {
            "npc_id": 2212,
            "to_region_id": 1003
          }
        ]
      },
      "region_changes": [
        {
          "region_id": 1003,
          "loyalty": 95,
          "culture": 950
        },
        {
          "region_id": 1001,
          "loyalty": 40,
          "culture": 850
        }
      ]
    },
    "narrative_hooks": [
      "曹操头痛病发作，临终前安排后事",
      "分香卖履，体现曹操复杂人性此事影响深远，各地局势为之变化。",
      "曹丕继位魏王，紧锣密鼓筹备称帝",
      "汉献帝成为傀儡，汉朝气数已尽此事影响深远，各地局势为之变化。"
    ]
  },
  {
    "event_id": 4042,
    "year": 220,
    "month": 10,
    "event_name": "曹丕称帝",
    "summary": "曹丕逼迫汉献帝禅让，建立魏国，改元黄初",
    "trigger_condition": "year == 220 AND month == 10",
    "hard_effects": {
      "npc_status": {
        "kill_list": [],
        "move_list": []
      },
      "region_changes": [
        {
          "region_id": 1003,
          "owner_faction_id": 9,
          "loyalty": 90
        },
        {
          "region_id": 1001,
          "owner_faction_id": 9,
          "loyalty": 50
        }
      ]
    },
    "narrative_hooks": [
      "汉献帝三次禅让，曹丕假意推辞后接受",
      "改元黄初，建立魏国，追尊曹操为武帝",
      "三国时代正式开启此事影响深远，各地局势为之变化。",
      "刘备、孙权随后相继称帝此事影响深远，各地局势为之变化。"
    ]
  },
  {
    "event_id": 4043,
    "year": 221,
    "month": 4,
    "event_name": "刘备称帝",
    "summary": "刘备在成都称帝，建立蜀汉，改元章武，誓为关羽报仇",
    "trigger_condition": "year == 221 AND month == 4",
    "hard_effects": {
      "npc_status": {
        "kill_list": [],
        "move_list": []
      },
      "region_changes": [
        {
          "region_id": 1011,
          "owner_faction_id": 10,
          "loyalty": 85
        },
        {
          "region_id": 1012,
          "owner_faction_id": 10,
          "loyalty": 80
        }
      ]
    },
    "narrative_hooks": [
      "刘备以继承汉室为名，在成都称帝",
      "改元章武，立刘禅为太子此事影响深远，各地局势为之变化。",
      "诸葛亮为丞相，许靖为司徒此事影响深远，各地局势为之变化。",
      "刘备准备东征孙权，为关羽报仇此事影响深远，各地局势为之变化。"
    ]
  },
  {
    "event_id": 4044,
    "year": 222,
    "month": 6,
    "event_name": "夷陵之战",
    "summary": "刘备为报关羽之仇东征，被陆逊火烧连营，大败而归",
    "trigger_condition": "year == 222 AND month == 6",
    "hard_effects": {
      "npc_status": {
        "kill_list": [
          2019
        ],
        "move_list": []
      },
      "region_changes": [
        {
          "region_id": 1050,
          "commerce": 300,
          "farming": 250,
          "defense": 750
        },
        {
          "region_id": 1047,
          "commerce": 350,
          "farming": 300
        }
      ]
    },
    "narrative_hooks": [
      "刘备连营七百里，陆逊看破破绽此事影响深远，各地局势为之变化。",
      "火烧连营，蜀军大败此事影响深远，各地局势为之变化。",
      "刘备退守白帝城，一病不起此事影响深远，各地局势为之变化。",
      "诸葛亮感叹：法孝直若在，必能制主上东行"
    ]
  }
]