[
  {
    "event_id": 4038,
    "year": 219,
    "month": 7,
    "event_name": "关羽水淹七军",
    "summary": "关羽利用汉水暴涨，水淹于禁七军，生擒庞德，威震华夏",
    "trigger_condition": "year == 219 AND month == 7",
    "hard_effects": {
      "npc_status": {
        "kill_list": [
          2094
        ],
        "move_list": [
          {
            "npc_id": 2020,
            "to_region_id": 1047
          },
          {
            "npc_id": 2163,
            "to_region_id": 1011
          }
        ]
      },
      "region_changes": [
        {
          "region_id": 1047,
          "loyalty": 95,
          "troop_count": 50000
        },
        {
          "region_id": 1011,
          "troop_count": 30000,
          "defense": 800
        }
      ]
    },
    "narrative_hooks": [
      "汉水暴涨，关羽趁机决堤，曹军溃不成军",
      "庞德宁死不降，被关羽所杀此事影响深远，各地局势为之变化。",
      "于禁投降，曹操感叹：于禁跟从我三十年，临危处难，反不如庞德！",
      "关羽威名达到顶峰，曹操甚至考虑迁都避其锋芒"
    ]
  },
  {
    "event_id": 4039,
    "year": 219,
    "month": 10,
    "event_name": "吕蒙白衣渡江",
    "summary": "吕蒙率军伪装商船，白衣渡江，奇袭荆州，关羽后方失守",
    "trigger_condition": "year == 219 AND month == 10",
    "hard_effects": {
      "npc_status": {
        "kill_list": [],
        "move_list": [
          {
            "npc_id": 2153,
            "to_region_id": 1048
          },
          {
            "npc_id": 2187,
            "to_region_id": 1049
          }
        ]
      },
      "region_changes": [
        {
          "region_id": 1048,
          "troop_count": 60000,
          "defense": 850
        },
        {
          "region_id": 1049,
          "owner_faction_id": 6,
          "loyalty": 65
        }
      ]
    },
    "narrative_hooks": [
      "吕蒙令士卒白衣渡江，伪装商船，烽火台守军不疑",
      "关羽后方空虚，吕蒙兵不血刃夺取荆州",
      "荆州守将糜芳、傅士仁不战而降此事影响深远，各地局势为之变化。",
      "关羽陷入前后夹击的绝境此事影响深远，各地局势为之变化。"
    ]
  },
  {
    "event_id": 4040,
    "year": 219,
    "month": 12,
    "event_name": "关羽失荆州",
    "summary": "关羽败走麦城，被东吴擒获，荆州全境落入东吴之手",
    "trigger_condition": "year == 219 AND month == 12",
    "hard_effects": {
      "npc_status": {
        "kill_list": [
          2020
        ],
        "move_list": [
          {
            "npc_id": 2182,
            "to_region_id": 1012
          },
          {
            "npc_id": 2183,
            "to_region_id": 1012
          }
        ]
      },
      "region_changes": [
        {
          "region_id": 1047,
          "owner_faction_id": 6,
          "loyalty": 70
        },
        {
          "region_id": 1049,
          "loyalty": 75
        },
        {
          "region_id": 1057,
          "owner_faction_id": 6,
          "loyalty": 68
        },
        {
          "region_id": 1058,
          "owner_faction_id": 6,
          "loyalty": 65
        },
        {
          "region_id": 1059,
          "owner_faction_id": 6,
          "loyalty": 62
        }
      ]
    },
    "narrative_hooks": [
      "关羽败走麦城，手下士卒离散此事影响深远，各地局势为之变化。",
      "孙权遣潘璋、马忠埋伏，擒获关羽",
      "关羽宁死不降，被孙权下令处斩此事影响深远，各地局势为之变化。",
      "荆州全境易主，刘备失去战略要地"
    ]
  },
  {
    "event_id": 4041,
    "year": 220,
    "month": 1,
    "event_name": "曹操逝世",
    "summary": "曹操在洛阳病逝，曹丕继位，汉朝名存实亡",
    "trigger_condition": "year == 220 AND month == 1",
    "hard_effects": {
      "npc_status": {
        "kill_list": [
          2010
        ],
        "move_list": [
          {
            "npc_id": 2212,
            "to_region_id": 1003
          }
        ]
      },
      "region_changes": [
        {
          "region_id": 1003,
          "loyalty": 95,
          "culture": 950
        },
        {
          "region_id": 1001,
          "loyalty": 40,
          "culture": 850
        }
      ]
    },
    "narrative_hooks": [
      "曹操头痛病发作，临终前安排后事",
      "分香卖履，体现曹操复杂人性此事影响深远，各地局势为之变化。",
      "曹丕继位魏王，紧锣密鼓筹备称帝",
      "汉献帝成为傀儡，汉朝气数已尽此事影响深远，各地局势为之变化。"
    ]
  },
  {
    "event_id": 4042,
    "year": 220,
    "month": 10,
    "event_name": "曹丕称帝",
    "summary": "曹丕逼迫汉献帝禅让，建立魏国，改元黄初",
    "trigger_condition": "year == 220 AND month == 10",
    "hard_effects": {
      "npc_status": {
        "kill_list": [],
        "move_list": []
      },
      "region_changes": [
        {
          "region_id": 1003,
          "owner_faction_id": 9,
          "loyalty": 90
        },
        {
          "region_id": 1001,
          "owner_faction_id": 9,
          "loyalty": 50
        }
      ]
    },
    "narrative_hooks": [
      "汉献帝三次禅让，曹丕假意推辞后接受",
      "改元黄初，建立魏国，追尊曹操为武帝",
      "三国时代正式开启此事影响深远，各地局势为之变化。",
      "刘备、孙权随后相继称帝此事影响深远，各地局势为之变化。"
    ]
  },
  {
    "event_id": 4043,
    "year": 221,
    "month": 4,
    "event_name": "刘备称帝",
    "summary": "刘备在成都称帝，建立蜀汉，改元章武，誓为关羽报仇",
    "trigger_condition": "year == 221 AND month == 4",
    "hard_effects": {
      "npc_status": {
        "kill_list": [],
        "move_list": []
      },
      "region_changes": [
        {
          "region_id": 1011,
          "owner_faction_id": 10,
          "loyalty": 85
        },
        {
          "region_id": 1012,
          "owner_faction_id": 10,
          "loyalty": 80
        }
      ]
    },
    "narrative_hooks": [
      "刘备以继承汉室为名，在成都称帝",
      "改元章武，立刘禅为太子此事影响深远，各地局势为之变化。",
      "诸葛亮为丞相，许靖为司徒此事影响深远，各地局势为之变化。",
      "刘备准备东征孙权，为关羽报仇此事影响深远，各地局势为之变化。"
    ]
  },
  {
    "event_id": 4044,
    "year": 222,
    "month": 6,
    "event_name": "夷陵之战",
    "summary": "刘备为报关羽之仇东征，被陆逊火烧连营，大败而归",
    "trigger_condition": "year == 222 AND month == 6",
    "hard_effects": {
      "npc_status": {
        "kill_list": [
          2019
        ],
        "move_list": []
      },
      "region_changes": [
        {
          "region_id": 1050,
          "commerce": 300,
          "farming": 250,
          "defense": 750
        },
        {
          "region_id": 1047,
          "commerce": 350,
          "farming": 300
        }
      ]
    },
    "narrative_hooks": [
      "刘备连营七百里，陆逊看破破绽此事影响深远，各地局势为之变化。",
      "火烧连营，蜀军大败此事影响深远，各地局势为之变化。",
      "刘备退守白帝城，一病不起此事影响深远，各地局势为之变化。",
      "诸葛亮感叹：法孝直若在，必能制主上东行"
    ]
  },
  {
    "event_id": 4045,
    "year": 222,
    "month": 6,
    "event_name": "夷陵之战",
    "summary": "刘备为报关羽之仇，亲率大军伐吴，在夷陵被陆逊火攻击败，蜀汉元气大伤",
    "trigger_condition": "year == 222 AND month == 6",
    "hard_effects": {
      "npc_status": {
        "kill_list": [
          2215,
          2216,
          2219,
          2220,
          2221,
          2222
        ],
        "move_list": []
      },
      "region_changes": [
        {
          "region_id": 1060,
          "owner_faction_id": 6,
          "loyalty_change": -20
        },
        {
          "region_id": 1061,
          "owner_faction_id": 6,
          "loyalty_change": -15
        },
        {
          "region_id": 1062,
          "owner_faction_id": 6,
          "loyalty_change": -15
        }
      ]
    },
    "narrative_hooks": [
      "夷陵战场上火光冲天，蜀军连营七百里尽成火海",
      "陆逊站在高处，冷静地指挥东吴军队分割包围蜀军",
      "刘备在亲兵护卫下狼狈撤退，面对惨败痛哭失声"
    ]
  },
  {
    "event_id": 4046,
    "year": 223,
    "month": 4,
    "event_name": "刘备托孤",
    "summary": "刘备病危于白帝城，将刘禅托付给诸葛亮，命其辅佐幼主",
    "trigger_condition": "year == 223 AND month == 4",
    "hard_effects": {
      "npc_status": {
        "kill_list": [
          2019
        ],
        "move_list": []
      },
      "region_changes": []
    },
    "narrative_hooks": [
      "白帝城永安宫中。刘备握着诸葛亮的手：'君才十倍曹丕。必能安国。终定大事。若嗣子可辅。辅之；如其不才。",
      "诸葛亮涕泣叩首：'臣敢竭股肱之力，效忠贞之节，继之以死！'",
      "刘备又嘱咐刘禅：'汝与丞相从事，事之如父。'"
    ]
  },
  {
    "event_id": 4047,
    "year": 223,
    "month": 5,
    "event_name": "刘禅继位",
    "summary": "刘禅在成都继位为帝，改元建兴，诸葛亮开府治事",
    "trigger_condition": "year == 223 AND month == 5",
    "hard_effects": {
      "npc_status": {
        "kill_list": [],
        "move_list": []
      },
      "region_changes": []
    },
    "narrative_hooks": [
      "成都宫殿中，年仅十七岁的刘禅在诸葛亮辅佐下登基",
      "诸葛亮上《出师表》，决心北伐中原，兴复汉室"
    ]
  },
  {
    "event_id": 4048,
    "year": 225,
    "month": 3,
    "event_name": "诸葛亮南征",
    "summary": "诸葛亮亲率大军南征，平定南中叛乱，七擒孟获",
    "trigger_condition": "year == 225 AND month == 3",
    "hard_effects": {
      "npc_status": {
        "kill_list": [],
        "move_list": []
      },
      "region_changes": []
    },
    "narrative_hooks": [
      "南中瘴疠之地，诸葛亮指挥若定，以攻心为上",
      "孟获第七次被擒，终于心服：'公，天威也，南人不复反矣！'"
    ]
  },
  {
    "event_id": 4049,
    "year": 226,
    "month": 5,
    "event_name": "曹丕逝世",
    "summary": "魏文帝曹丕病逝于洛阳，其子曹叡继位",
    "trigger_condition": "year == 226 AND month == 5",
    "hard_effects": {
      "npc_status": {
        "kill_list": [
          2212
        ],
        "move_list": []
      },
      "region_changes": []
    },
    "narrative_hooks": [
      "洛阳宫中，曹丕在病榻上嘱咐曹叡：'司马懿可托付大事'",
      "曹叡继位，是为魏明帝，司马懿开始掌握军权"
    ]
  },
  {
    "event_id": 4050,
    "year": 227,
    "month": 3,
    "event_name": "诸葛亮上《出师表》",
    "summary": "诸葛亮驻军汉中，准备北伐，向后主刘禅上《出师表》",
    "trigger_condition": "year == 227 AND month == 3",
    "hard_effects": {
      "npc_status": {
        "kill_list": [],
        "move_list": []
      },
      "region_changes": []
    },
    "narrative_hooks": [
      "《出师表》中'鞠躬尽瘁，死而后已'成为千古名句",
      "蜀汉军队士气高昂，准备北伐中原"
    ]
  },
  {
    "event_id": 4051,
    "year": 228,
    "month": 1,
    "event_name": "第一次北伐",
    "summary": "诸葛亮发动第一次北伐，初期连战连捷，后因马谡失街亭而失败",
    "trigger_condition": "year == 228 AND month == 1",
    "hard_effects": {
      "npc_status": {
        "kill_list": [],
        "move_list": []
      },
      "region_changes": []
    },
    "narrative_hooks": [
      "赵云、邓芝率疑兵出箕谷，诸葛亮亲率主力攻祁山",
      "马谡违背节度，在街亭被张郃击败，导致全线撤退"
    ]
  },
  {
    "event_id": 4052,
    "year": 229,
    "month": 4,
    "event_name": "孙权称帝",
    "summary": "孙权在武昌称帝，改元黄龙，正式建立吴国，三国鼎立局面完全形成",
    "trigger_condition": "year == 229 AND month == 4",
    "hard_effects": {
      "npc_status": {
        "kill_list": [],
        "move_list": []
      },
      "region_changes": []
    },
    "narrative_hooks": [
      "武昌城外，孙权登坛祭天，正式即皇帝位",
      "改元黄龙，追尊孙坚为武烈皇帝，孙策为长沙桓王",
      "三国鼎立时代正式开启，魏蜀吴三国并立"
    ]
  }
]