[
  {
    "event_id": 4053,
    "year": 231,
    "month": 2,
    "event_name": "诸葛亮第四次北伐",
    "summary": "诸葛亮率军出祁山，用木牛流马运粮，与司马懿对峙于上邽",
    "trigger_condition": "year == 231 AND month == 2",
    "hard_effects": {
      "npc_status": {
        "kill_list": [],
        "move_list": [
          {
            "npc_id": 2032,
            "to_region_id": 1020
          },
          {
            "npc_id": 2233,
            "to_region_id": 1020
          }
        ]
      },
      "region_changes": [
        {
          "region_id": 1020,
          "troop_count": 60000
        },
        {
          "region_id": 1021,
          "troop_count": 50000
        }
      ]
    },
    "narrative_hooks": [
      "诸葛亮发明木牛流马，解决粮运问题",
      "司马懿坚守不出，诸葛亮在上邽割麦",
      "魏将张郃追击诸葛亮，在木门道中箭身亡"
    ]
  },
  {
    "event_id": 4054,
    "year": 234,
    "month": 8,
    "event_name": "诸葛亮病逝五丈原",
    "summary": "诸葛亮第五次北伐，与司马懿对峙于五丈原，最终病逝军中",
    "trigger_condition": "year == 234 AND month == 8",
    "hard_effects": {
      "npc_status": {
        "kill_list": [
          2032
        ],
        "move_list": [
          {
            "npc_id": 2233,
            "to_region_id": 1017
          }
        ]
      },
      "region_changes": [
        {
          "region_id": 1017,
          "commerce": 800,
          "culture": 850
        },
        {
          "region_id": 1012,
          "loyalty_change": -10
        }
      ]
    },
    "narrative_hooks": [
      "秋风五丈原，诸葛亮禳星续命失败",
      "出师未捷身先死，长使英雄泪满襟",
      "姜维率军安全撤退，蜀汉进入后诸葛亮时代"
    ]
  },
  {
    "event_id": 4055,
    "year": 233,
    "month": 9,
    "event_name": "孙权迁都建业",
    "summary": "孙权从武昌迁都至建业，巩固江东统治",
    "trigger_condition": "year == 233 AND month == 9",
    "hard_effects": {
      "npc_status": {
        "kill_list": [],
        "move_list": [
          {
            "npc_id": 2057,
            "to_region_id": 1025
          }
        ]
      },
      "region_changes": [
        {
          "region_id": 1025,
          "commerce": 900,
          "culture": 880,
          "defense": 850
        },
        {
          "region_id": 1053,
          "commerce": 600,
          "culture": 650
        }
      ]
    },
    "narrative_hooks": [
      "孙权认为'秣陵有帝王之气'，决定迁都",
      "修建建业城，加强长江防线此事影响深远，各地局势为之变化。",
      "吴国政治中心正式转移到江东此事影响深远，各地局势为之变化。"
    ]
  },
  {
    "event_id": 4056,
    "year": 230,
    "month": 3,
    "event_name": "卫温诸葛直航海寻夷洲",
    "summary": "孙权派卫温、诸葛直率船队寻找夷洲(台湾)，扩大吴国海上势力",
    "trigger_condition": "year == 230 AND month == 3",
    "hard_effects": {
      "npc_status": {
        "kill_list": [],
        "move_list": []
      },
      "region_changes": []
    },
    "narrative_hooks": [
      "吴国船队从章安(今浙江台州)出发此事影响深远，各地局势为之变化。",
      "到达夷洲，带回数千夷洲土著此事影响深远，各地局势为之变化。",
      "开创大陆与台湾的正式联系此事影响深远，各地局势为之变化。"
    ]
  },
  {
    "event_id": 4057,
    "year": 232,
    "month": 12,
    "event_name": "曹植逝世",
    "summary": "曹植在封地忧郁而逝，结束才华横溢但命运多舛的一生",
    "trigger_condition": "year == 232 AND month == 12",
    "hard_effects": {
      "npc_status": {
        "kill_list": [
          2213
        ],
        "move_list": []
      },
      "region_changes": []
    },
    "narrative_hooks": [
      "本是同根生，相煎何太急此事影响深远，各地局势为之变化。",
      "七步成诗，才华横溢此事影响深远，各地局势为之变化。",
      "曹植的逝世标志建安文学时代的结束"
    ]
  }
]