[
  {
    "id": 1001,
    "name": "洛阳",
    "type": "大都市",
    "adjacent_regions": [
      "虎牢关"
    ],
    "commerce": 950,
    "farming": 800,
    "culture": 980,
    "defense": 900,
    "money": 2000000,
    "food": 1000000,
    "population": 950000,
    "troop_count": 60000,
    "owner_faction_id": 1,
    "loyalty": 75,
    "landscape_description": "帝都气象，宫阙巍峨，官道宽阔，车马络绎。",
    "landmarks": [
      "南宫",
      "北宫",
      "铜驼街",
      "开阳门",
      "朱雀门",
      "太学"
    ]
  },
  {
    "id": 1002,
    "name": "邺城",
    "type": "一般",
    "adjacent_regions": [],
    "commerce": 780,
    "farming": 850,
    "culture": 720,
    "defense": 800,
    "money": 1200000,
    "food": 1500000,
    "population": 800000,
    "troop_count": 40000,
    "owner_faction_id": 1,
    "loyalty": 70,
    "landscape_description": "漳水之滨，城郭严整，市井繁华，商贾云集。",
    "landmarks": [
      "铜雀台",
      "金虎台",
      "冰井台",
      "文昌殿",
      "邺城宫",
      "漳水桥"
    ]
  },
  {
    "id": 1003,
    "name": "许昌",
    "type": "一般",
    "adjacent_regions": [
      "汝南",
      "陈留"
    ],
    "commerce": 820,
    "farming": 880,
    "culture": 750,
    "defense": 780,
    "money": 1100000,
    "food": 1400000,
    "population": 750000,
    "troop_count": 35000,
    "owner_faction_id": 1,
    "loyalty": 72,
    "landscape_description": "中原腹地，田野平旷，城池坚固，屯田兴盛。",
    "landmarks": [
      "许昌宫",
      "毓秀台",
      "春秋楼",
      "灞陵桥",
      "曹操府邸"
    ]
  },
  {
    "id": 1004,
    "name": "陈留",
    "type": "一般",
    "adjacent_regions": [
      "濮阳",
      "虎牢关",
      "许昌"
    ],
    "commerce": 750,
    "farming": 800,
    "culture": 700,
    "defense": 750,
    "money": 900000,
    "food": 1100000,
    "population": 700000,
    "troop_count": 30000,
    "owner_faction_id": 1,
    "loyalty": 68,
    "landscape_description": "兖州通衢，驿道纵横，商旅往来，兵家必争。",
    "landmarks": [
      "陈留城门",
      "古驿道",
      "张邈府",
      "典韦祠"
    ]
  },
  {
    "id": 1005,
    "name": "濮阳",
    "type": "一般",
    "adjacent_regions": [
      "陈留"
    ],
    "commerce": 720,
    "farming": 780,
    "culture": 680,
    "defense": 740,
    "money": 850000,
    "food": 1000000,
    "population": 650000,
    "troop_count": 28000,
    "owner_faction_id": 1,
    "loyalty": 65,
    "landscape_description": "黄河之畔，水陆交汇，城垣高耸，兵燹频仍。",
    "landmarks": [
      "濮阳城楼",
      "黄河渡口",
      "吕布屯兵处",
      "曹操祠"
    ]
  },
  {
    "id": 1006,
    "name": "谯县",
    "type": "一般",
    "adjacent_regions": [
      "小沛",
      "汝南"
    ],
    "commerce": 650,
    "farming": 750,
    "culture": 600,
    "defense": 650,
    "money": 700000,
    "food": 900000,
    "population": 600000,
    "troop_count": 25000,
    "owner_faction_id": 1,
    "loyalty": 70,
    "landscape_description": "淮北平原，民风彪悍，曹氏故里，豪杰辈出。",
    "landmarks": [
      "曹氏宗祠",
      "谯县城门",
      "古井",
      "夏侯氏宅"
    ]
  },
  {
    "id": 1007,
    "name": "下邳",
    "type": "一般",
    "adjacent_regions": [
      "小沛"
    ],
    "commerce": 780,
    "farming": 820,
    "culture": 700,
    "defense": 760,
    "money": 950000,
    "food": 1200000,
    "population": 720000,
    "troop_count": 32000,
    "owner_faction_id": 1,
    "loyalty": 67,
    "landscape_description": "泗水环绕，城池险固，南北咽喉，战事不断。",
    "landmarks": [
      "下邳城墙",
      "泗水桥",
      "白门楼",
      "吕布被困处"
    ]
  },
  {
    "id": 1008,
    "name": "小沛",
    "type": "一般",
    "adjacent_regions": [
      "下邳",
      "谯县"
    ],
    "commerce": 600,
    "farming": 700,
    "culture": 550,
    "defense": 620,
    "money": 600000,
    "food": 800000,
    "population": 550000,
    "troop_count": 22000,
    "owner_faction_id": 1,
    "loyalty": 63,
    "landscape_description": "沛国小城，田野荒芜，兵粮匮乏，屡遭攻伐。",
    "landmarks": [
      "小沛城门",
      "刘备屯兵处",
      "古驿亭"
    ]
  },
  {
    "id": 1009,
    "name": "汝南",
    "type": "一般",
    "adjacent_regions": [
      "宛城",
      "新野",
      "许昌",
      "谯县"
    ],
    "commerce": 680,
    "farming": 770,
    "culture": 620,
    "defense": 670,
    "money": 750000,
    "food": 950000,
    "population": 630000,
    "troop_count": 27000,
    "owner_faction_id": 1,
    "loyalty": 66,
    "landscape_description": "汝水之南，沃野千里，城邑林立，黄巾余部。",
    "landmarks": [
      "汝南城门",
      "汝水渡口",
      "黄巾营寨",
      "袁氏故宅"
    ]
  },
  {
    "id": 1010,
    "name": "宛城",
    "type": "一般",
    "adjacent_regions": [
      "新野",
      "汝南"
    ],
    "commerce": 700,
    "farming": 760,
    "culture": 650,
    "defense": 690,
    "money": 800000,
    "food": 1000000,
    "population": 650000,
    "troop_count": 29000,
    "owner_faction_id": 1,
    "loyalty": 64,
    "landscape_description": "淯水之滨，城高池深，商贸繁盛，张绣据守。",
    "landmarks": [
      "宛城城墙",
      "淯水码头",
      "张绣府邸",
      "曹操败走处"
    ]
  },
  {
    "id": 1011,
    "name": "襄阳",
    "type": "一般",
    "adjacent_regions": [
      "新野"
    ],
    "commerce": 760,
    "farming": 790,
    "culture": 730,
    "defense": 780,
    "money": 920000,
    "food": 1100000,
    "population": 710000,
    "troop_count": 33000,
    "owner_faction_id": 1,
    "loyalty": 69,
    "landscape_description": "汉水之畔，山川形胜，城池雄阔，水陆要冲。",
    "landmarks": [
      "襄阳城墙",
      "汉水码头",
      "鹿门山",
      "诸葛亮故居"
    ]
  },
  {
    "id": 1012,
    "name": "新野",
    "type": "一般",
    "adjacent_regions": [
      "宛城",
      "汝南",
      "襄阳"
    ],
    "commerce": 350,
    "farming": 450,
    "culture": 300,
    "defense": 400,
    "money": 300000,
    "food": 500000,
    "population": 350000,
    "troop_count": 15000,
    "owner_faction_id": 1,
    "loyalty": 60,
    "landscape_description": "南阳盆地，小县僻壤，田野萧疏，刘备屯兵。",
    "landmarks": [
      "新野城门",
      "刘备宅邸",
      "古驿道"
    ]
  },
  {
    "id": 1013,
    "name": "上党",
    "type": "一般",
    "adjacent_regions": [
      "晋阳"
    ],
    "commerce": 550,
    "farming": 600,
    "culture": 500,
    "defense": 700,
    "money": 500000,
    "food": 700000,
    "population": 500000,
    "troop_count": 20000,
    "owner_faction_id": 1,
    "loyalty": 62,
    "landscape_description": "太行险地，山道崎岖，关隘重重，易守难攻。",
    "landmarks": [
      "壶关",
      "上党城门",
      "太行古道",
      "张杨据守处"
    ]
  },
  {
    "id": 1014,
    "name": "晋阳",
    "type": "一般",
    "adjacent_regions": [
      "上党"
    ],
    "commerce": 580,
    "farming": 620,
    "culture": 520,
    "defense": 720,
    "money": 550000,
    "food": 750000,
    "population": 520000,
    "troop_count": 21000,
    "owner_faction_id": 1,
    "loyalty": 61,
    "landscape_description": "汾水之阳，城垣坚固，胡汉杂居，边塞重镇。",
    "landmarks": [
      "晋阳城门",
      "汾水渡口",
      "并州刺史府",
      "匈奴王庭"
    ]
  },
  {
    "id": 1015,
    "name": "蓟县",
    "type": "一般",
    "adjacent_regions": [],
    "commerce": 620,
    "farming": 670,
    "culture": 580,
    "defense": 680,
    "money": 650000,
    "food": 850000,
    "population": 580000,
    "troop_count": 24000,
    "owner_faction_id": 1,
    "loyalty": 63,
    "landscape_description": "燕山脚下，边关锁钥，城郭俨然，乌桓频扰。",
    "landmarks": [
      "蓟县城门",
      "燕山关隘",
      "幽州刺史府",
      "公孙瓒驻军处"
    ]
  },
  {
    "id": 1016,
    "name": "虎牢关",
    "type": "关隘",
    "adjacent_regions": [
      "洛阳",
      "陈留"
    ],
    "commerce": 200,
    "farming": 150,
    "culture": 180,
    "defense": 980,
    "money": 200000,
    "food": 300000,
    "population": 100000,
    "troop_count": 15000,
    "owner_faction_id": 1,
    "loyalty": 80,
    "landscape_description": "雄关险要，峭壁临河，一夫当关，万夫莫开。",
    "landmarks": [
      "虎牢关城",
      "汜水",
      "吕布营寨",
      "三英战吕布处"
    ]
  }
]